/*
****** Outer level entities.
*/
-- Employee.
insert into employee (eid, bdate, name, gender, email, salary, address) values (1, '1960-10-01', 'Shelton Stegell', 'M', 'sstegell0@comsenz.com', 7750, '4 Welch Way');
insert into employee (eid, bdate, name, gender, email, salary, address) values (2, '1958-08-08', 'Devy MacNucator', 'M', 'dmacnucator1@skyrock.com', 2594, '890 Gale Avenue');
insert into employee (eid, bdate, name, gender, email, salary, address) values (3, '2006-03-26', 'Brandice Whitsun', 'F', 'bwhitsun2@fema.gov', 5189, '90967 Holmberg Alley');
insert into employee (eid, bdate, name, gender, email, salary, address) values (4, '2001-09-25', 'Flin Kunisch', 'M', 'fkunisch3@businesswire.com', 4809, '3 Kim Way');
insert into employee (eid, bdate, name, gender, email, salary, address) values (5, '1961-08-15', 'Jasmin Heckle', 'F', 'jheckle4@smugmug.com', 5014, '86 Pepper Wood Alley');
insert into employee (eid, bdate, name, gender, email, salary, address) values (6, '2010-09-09', 'Daniele Lough', 'F', 'dlough5@bbb.org', 4265, '14888 Mayfield Junction');
insert into employee (eid, bdate, name, gender, email, salary, address) values (7, '2015-05-01', 'Trescha Eccleston', 'F', 'teccleston6@wiley.com', 6798, '3301 Spohn Circle');
insert into employee (eid, bdate, name, gender, email, salary, address) values (8, '2008-12-14', 'Elbertina Goudman', 'F', 'egoudman7@plala.or.jp', 4842, '48 Ruskin Court');
insert into employee (eid, bdate, name, gender, email, salary, address) values (9, '1991-04-29', 'Cathyleen Collman', 'F', 'ccollman8@cnet.com', 2422, '36 Talmadge Terrace');
insert into employee (eid, bdate, name, gender, email, salary, address) values (10, '2004-01-23', 'Jodi Crippin', 'M', 'jcrippin9@delicious.com', 9012, '67026 Aberg Parkway');
insert into employee (eid, bdate, name, gender, email, salary, address) values (11, '1962-02-06', 'Chelsea Vaud', 'F', 'cvauda@who.int', 1573, '5 Ronald Regan Drive');
insert into employee (eid, bdate, name, gender, email, salary, address) values (12, '2000-12-06', 'Byrle Leary', 'M', 'blearyb@pbs.org', 8637, '1 Dakota Street');
insert into employee (eid, bdate, name, gender, email, salary, address) values (13, '1970-09-16', 'Zulema Custy', 'F', 'zcustyc@clickbank.net', 887, '0823 Loftsgordon Center');
insert into employee (eid, bdate, name, gender, email, salary, address) values (14, '1951-12-18', 'Rex Nann', 'M', 'rnannd@vk.com', 6437, '1 East Pass');
insert into employee (eid, bdate, name, gender, email, salary, address) values (15, '1998-01-22', 'Kerby Humfrey', 'M', 'khumfreye@mit.edu', 2875, '8 Crescent Oaks Plaza');
insert into employee (eid, bdate, name, gender, email, salary, address) values (16, '2010-02-27', 'Lorianne Braybrook', 'F', 'lbraybrookf@yahoo.com', 8159, '2542 Hudson Park');
insert into employee (eid, bdate, name, gender, email, salary, address) values (17, '1998-02-20', 'Lesli Luto', 'F', 'llutog@mashable.com', 3801, '6540 Loftsgordon Circle');
insert into employee (eid, bdate, name, gender, email, salary, address) values (18, '2010-08-27', 'Riannon Gosnay', 'F', 'rgosnayh@imdb.com', 7270, '3 Weeping Birch Court');
insert into employee (eid, bdate, name, gender, email, salary, address) values (19, '1973-12-15', 'Sherry Sparshutt', 'F', 'ssparshutti@icio.us', 3351, '73373 Kim Hill');
insert into employee (eid, bdate, name, gender, email, salary, address) values (20, '1984-09-06', 'Maureen Currum', 'F', 'mcurrumj@vkontakte.ru', 2849, '29825 Kings Junction');

-- Building.
insert into building (name, location) values ('Alameda County Thistle', '962 Parkside Avenue');
insert into building (name, location) values ('Longbeard Hawkweed', '668 Farragut Avenue');
insert into building (name, location) values ('Pale Touch-me-not', '4 Nova Circle');
insert into building (name, location) values ('Kauai Wild Coffee', '9 Reinke Park');

-- Patient.
insert into patient (pid, name, gender, bdate, address, phone_number, anamnesis) values (1, 'Licha Belcher', 'F', '2008-07-19', '9 Sunnyside Lane', '318-668-3371', 'Toxic effect of contact with other venomous plant, assault, initial encounter');
insert into patient (pid, name, gender, bdate, address, phone_number, anamnesis) values (2, 'Douglas Fontes', 'M', '1983-03-19', '7853 Paget Terrace', '387-849-0545', 'Nondisplaced subtrochanteric fracture of right femur, subsequent encounter for closed fracture with routine healing');
insert into patient (pid, name, gender, bdate, address, phone_number, anamnesis) values (3, 'Siward Boncore', 'M', '1958-10-18', '36 Bay Hill', '926-460-7922', 'Nondisplaced comminuted fracture of shaft of unspecified fibula, initial encounter for open fracture type IIIA, IIIB, or IIIC');
insert into patient (pid, name, gender, bdate, address, phone_number, anamnesis) values (4, 'Emily Wauchope', 'F', '1968-03-31', '0 Hauk Trail', '272-948-3370', 'Corrosion of cornea and conjunctival sac, right eye, sequela');
insert into patient (pid, name, gender, bdate, address, phone_number, anamnesis) values (5, 'Alfred Hartgill', 'M', '1986-10-27', '0332 Mockingbird Lane', '869-998-5686', 'Partial traumatic amputation of right great toe, subsequent encounter');
insert into patient (pid, name, gender, bdate, address, phone_number, anamnesis) values (6, 'Julianna Bendon', 'F', '2011-11-24', '2439 Anthes Crossing', '388-642-8083', 'Personal history of malignant neoplasm of other sites of lip, oral cavity, and pharynx');
insert into patient (pid, name, gender, bdate, address, phone_number, anamnesis) values (7, 'Lindy Petrussi', 'M', '1975-06-07', '4 Garrison Pass', '927-622-1836', 'Inhalation of dry ice, sequela');
insert into patient (pid, name, gender, bdate, address, phone_number, anamnesis) values (8, 'Tiffani Nowick', 'F', '2011-07-21', '0 Golf Course Way', '230-587-8238', 'Explosion of bicycle tire');
insert into patient (pid, name, gender, bdate, address, phone_number, anamnesis) values (9, 'Fayina Butte', 'F', '1981-12-24', '50 Oneill Crossing', '775-847-0778', 'Anterior subluxation of unspecified humerus, sequela');
insert into patient (pid, name, gender, bdate, address, phone_number, anamnesis) values (10, 'Douglas Menendez', 'M', '1982-06-09', '577 Golden Leaf Hill', '236-733-9760', 'Burn of first degree of right thigh, subsequent encounter');
insert into patient (pid, name, gender, bdate, address, phone_number, anamnesis) values (11, 'Yorgos Rawlins', 'M', '1988-07-17', '403 Talmadge Park', '297-965-6623', 'Immersion foot, unspecified foot, initial encounter');
insert into patient (pid, name, gender, bdate, address, phone_number, anamnesis) values (12, 'Philbert Bullon', 'M', '1960-07-06', '31110 Talisman Junction', '474-521-3135', 'Juvenile osteochondrosis of patella');
insert into patient (pid, name, gender, bdate, address, phone_number, anamnesis) values (13, 'Neilla Steinor', 'F', '1984-12-21', '201 Corscot Terrace', '742-348-4502', 'Unspecified contusion of spleen, sequela');
insert into patient (pid, name, gender, bdate, address, phone_number, anamnesis) values (14, 'Loren Muddicliffe', 'F', '1957-04-23', '2 Sutteridge Way', '467-864-2945', 'Abscess of bursa, shoulder');
insert into patient (pid, name, gender, bdate, address, phone_number, anamnesis) values (15, 'Georges O'' Shea', 'M', '1976-11-08', '0 Lakeland Trail', '128-391-4529', 'Unspecified occupant of heavy transport vehicle injured in collision with other motor vehicles in traffic accident, sequela');
insert into patient (pid, name, gender, bdate, address, phone_number, anamnesis) values (16, 'Melitta Donativo', 'F', '1997-03-24', '1422 Eliot Road', '404-652-9400', 'Unspecified open wound of unspecified great toe without damage to nail, initial encounter');
insert into patient (pid, name, gender, bdate, address, phone_number, anamnesis) values (17, 'Roseline Palek', 'F', '1964-09-19', '9 Tennyson Lane', '782-312-7507', 'Hypertrophy of bone, unspecified tibia and fibula');
insert into patient (pid, name, gender, bdate, address, phone_number, anamnesis) values (18, 'Sharona Rowlin', 'F', '1979-06-02', '8 Delladonna Plaza', '638-728-7932', 'Breakdown (mechanical) of bile duct prosthesis');
insert into patient (pid, name, gender, bdate, address, phone_number, anamnesis) values (19, 'Catherine Rampling', 'F', '1961-05-15', '9528 Chive Court', '943-689-2236', 'Injury of vertebral artery');
insert into patient (pid, name, gender, bdate, address, phone_number, anamnesis) values (20, 'Rhodie Itzig', 'F', '1955-05-29', '650 North Parkway', '382-706-0950', 'Adult psychological abuse, suspected, subsequent encounter');

-- Medicine.
insert into medicine (code, name, price) values (1, 'psyllium husk', 713);
insert into medicine (code, name, price) values (2, 'Furosemide', 480);
insert into medicine (code, name, price) values (3, 'disopyramide phosphate', 253);
insert into medicine (code, name, price) values (4, 'Acetaminophen', 306);
insert into medicine (code, name, price) values (5, 'White Fish', 653);
insert into medicine (code, name, price) values (6, 'Agnus Castus, Ambra Grisea, Conium Maculatum, Apiolum, Estradiol, Estriol, Folliculinum, L-Dopa, Melatonin, Testosterone, Alpha-Lipocicum Acidum', 269);
insert into medicine (code, name, price) values (7, 'Water Oak', 276);
insert into medicine (code, name, price) values (8, 'Aluminum Zirconium Tetrachlorohydrex GLY', 428);
insert into medicine (code, name, price) values (9, 'Dextromethorphan HBr, Guaifenesin', 968);
insert into medicine (code, name, price) values (10, 'Titanium Dioxide, Zinc Oxide', 37);
insert into medicine (code, name, price) values (11, 'Loperamide HCl', 671);
insert into medicine (code, name, price) values (12, 'avobenzone, homosalate, octisalate, oxybenzone, octocrylene', 545);
insert into medicine (code, name, price) values (13, 'Salicylic Acid', 640);
insert into medicine (code, name, price) values (14, 'Butalbital, Acetaminophen, and Caffeine', 779);
insert into medicine (code, name, price) values (15, 'loperamide HCl', 294);
insert into medicine (code, name, price) values (16, 'Avobenzone, Homosalate, Octisalate, Octocrylene, Oxybenzone', 279);
insert into medicine (code, name, price) values (17, 'DOCUSATE SODIUM', 529);
insert into medicine (code, name, price) values (18, 'DEXAMETHASONE SODIUM PHOSPHATE', 200);
insert into medicine (code, name, price) values (19, 'SENNOSIDES', 449);
insert into medicine (code, name, price) values (20, 'SODIUM FLUORIDE', 638);

-- Roomtype.
insert into roomtype (room_type, capacity) values ('private', 1);
insert into roomtype (room_type, capacity) values ('standard', 20);
insert into roomtype (room_type, capacity) values ('semi-private', 5);

/*
***** Next level
*/
-- Faculty with null manager_id.
INSERT INTO faculty (name, location_address) VALUES ('Anesthetics', '05910 Fremont Junction');
INSERT INTO faculty (name, location_address) VALUES ('Breast Screening', '5 Eagan Park');

-- Doctor with null supervisor_id.
insert into doctor (eid, fname) values (1, 'Anesthetics');
insert into doctor (eid, fname) values (2, 'Anesthetics');
insert into doctor (eid, fname) values (3, 'Anesthetics');
insert into doctor (eid, fname) values (4, 'Anesthetics');
insert into doctor (eid, fname) values (5, 'Anesthetics');
insert into doctor (eid, fname) values (6, 'Anesthetics');
insert into doctor (eid, fname) values (7, 'Breast Screening');
insert into doctor (eid, fname) values (8, 'Breast Screening');
insert into doctor (eid, fname) values (9, 'Breast Screening');
insert into doctor (eid, fname) values (10, 'Breast Screening');

-- Update faculty manager_id.
update faculty set manager_id = 3, start_date = '2008-07-19', end_date = '2010-07-19' where name = 'Anesthetics';
update faculty set manager_id = 9, start_date = '2008-08-08', end_date = '2010-08-08' where name = 'Breast Screening';

-- Update doctor supervisor_id.
update doctor set supervisor_id = 3 where eid = 1 or eid = 2;
update doctor set supervisor_id = 9 where eid = 5 or eid = 7 or eid = 10;

-- Nurse.
insert into nurse (eid) values (11);
insert into nurse (eid) values (12);
insert into nurse (eid) values (13);
insert into nurse (eid) values (14);
insert into nurse (eid) values (15);
insert into nurse (eid) values (16);
insert into nurse (eid) values (17);
insert into nurse (eid) values (18);
insert into nurse (eid) values (19);
insert into nurse (eid) values (20);

-- Room.
insert into room (nid, room_id, bname, room_type) values (19, 1, 'Alameda County Thistle', 'private');
insert into room (nid, room_id, bname, room_type) values (13, 2, 'Alameda County Thistle', 'standard');
insert into room (nid, room_id, bname, room_type) values (14, 3, 'Alameda County Thistle', 'semi-private');
insert into room (nid, room_id, bname, room_type) values (14, 4, 'Alameda County Thistle', 'semi-private');
insert into room (nid, room_id, bname, room_type) values (14, 5, 'Alameda County Thistle', 'private');
insert into room (nid, room_id, bname, room_type) values (17, 6, 'Alameda County Thistle', 'private');
insert into room (nid, room_id, bname, room_type) values (16, 7, 'Alameda County Thistle', 'standard');
insert into room (nid, room_id, bname, room_type) values (13, 8, 'Alameda County Thistle', 'standard');
insert into room (nid, room_id, bname, room_type) values (16, 9, 'Alameda County Thistle', 'standard');
insert into room (nid, room_id, bname, room_type) values (14, 10, 'Alameda County Thistle', 'semi-private');
insert into room (nid, room_id, bname, room_type) values (11, 1, 'Longbeard Hawkweed', 'semi-private');
insert into room (nid, room_id, bname, room_type) values (19, 2, 'Longbeard Hawkweed', 'standard');
insert into room (nid, room_id, bname, room_type) values (19, 3, 'Longbeard Hawkweed', 'private');
insert into room (nid, room_id, bname, room_type) values (12, 4, 'Longbeard Hawkweed', 'semi-private');
insert into room (nid, room_id, bname, room_type) values (12, 5, 'Longbeard Hawkweed', 'standard');
insert into room (nid, room_id, bname, room_type) values (20, 6, 'Longbeard Hawkweed', 'private');

-- Inpatient.
insert into inpatient (pid, room_id, bname) values (1, 1, 'Alameda County Thistle');
insert into inpatient (pid, room_id, bname) values (2, 2, 'Alameda County Thistle');
insert into inpatient (pid, room_id, bname) values (3, 3, 'Alameda County Thistle');
insert into inpatient (pid, room_id, bname) values (4, 2, 'Longbeard Hawkweed');
insert into inpatient (pid, room_id, bname) values (5, 1, 'Longbeard Hawkweed');
insert into inpatient (pid, room_id, bname) values (6, 3, 'Alameda County Thistle');
insert into inpatient (pid, room_id, bname) values (7, 7, 'Alameda County Thistle');
insert into inpatient (pid, room_id, bname) values (8, 5, 'Longbeard Hawkweed');
insert into inpatient (pid, room_id, bname) values (9, 7, 'Alameda County Thistle');
insert into inpatient (pid, room_id, bname) values (10, 7, 'Alameda County Thistle');

-- Outpatient.
insert into outpatient (pid) values (11);
insert into outpatient (pid) values (12);
insert into outpatient (pid) values (13);
insert into outpatient (pid) values (14);
insert into outpatient (pid) values (15);
insert into outpatient (pid) values (16);
insert into outpatient (pid) values (17);
insert into outpatient (pid) values (18);
insert into outpatient (pid) values (19);
insert into outpatient (pid) values (20);

-- Examination.
insert into examination (exam_id, pid, did, diagnosis, date, symptoms) values (1, 11, 1, 'Machinery accident on board passenger ship', '2015-08-18', 'Drainage of Lower Gingiva with Drain Dev, Open Approach');
insert into examination (exam_id, pid, did, diagnosis, date, symptoms) values (2, 12, 2, 'Other specified malignant neoplasm of skin of ear and external auricular canal', '2017-08-18', 'Drainage of Left Thyroid Artery, Perc Endo Approach');
insert into examination (exam_id, pid, did, diagnosis, date, symptoms) values (3, 13, 3, 'Puncture wound with foreign body of left breast, subsequent encounter', '2006-01-21', 'Supplement Right Large Intestine with Autol Sub, Via Opening');
insert into examination (exam_id, pid, did, diagnosis, date, symptoms) values (4, 14, 4, 'Adhesions due to foreign body accidentally left in body following aspiration, puncture or other catheterization, initial encounter', '2006-01-21', 'Drainage of Uvula, External Approach');
insert into examination (exam_id, pid, did, diagnosis, date, symptoms) values (5, 15, 5, 'Burn of first degree of lip(s), subsequent encounter', '2002-12-10', 'Monitoring of Respiratory Rate, External Approach');
insert into examination (exam_id, pid, did, diagnosis, date, symptoms) values (6, 16, 6, 'Posterior displaced fracture of sternal end of left clavicle, initial encounter for closed fracture', '2008-05-16', 'Destruction of Cystic Duct, Via Opening');
insert into examination (exam_id, pid, did, diagnosis, date, symptoms) values (7, 17, 7, 'Legal intervention involving unspecified sharp objects, law enforcement official injured, subsequent encounter', '2009-09-12', 'Introduce Oth Antineoplastic in Cran Cav/Brain, Open');
insert into examination (exam_id, pid, did, diagnosis, date, symptoms) values (8, 18, 8, 'Puncture wound with foreign body of scrotum and testes, sequela', '2013-01-24', 'Excision of Left Tympanic Membrane, Percutaneous Approach');
insert into examination (exam_id, pid, did, diagnosis, date, symptoms) values (9, 19, 9, 'Chronic embolism and thrombosis of unspecified veins of unspecified upper extremity', '2019-07-08', 'Insert Infusion Dev in L Metacarpocarp Jt, Perc');
insert into examination (exam_id, pid, did, diagnosis, date, symptoms) values (10, 20, 10, 'Other cervical disc degeneration, mid-cervical region', '2008-04-04', 'Resection of Cecum, Open Approach');

-- Examination include.
insert into examination_include (ex_id, pid, did, mcode, instruction, quantity) values (1, 11, 1, 1, 'Juvenile myelomonocytic leukemia, not having achieved remission', 85);
insert into examination_include (ex_id, pid, did, mcode, instruction, quantity) values (2, 12, 2, 2, 'Opioid dependence with intoxication, unspecified', 748);
insert into examination_include (ex_id, pid, did, mcode, instruction, quantity) values (3, 13, 3, 3, 'Laceration without foreign body of abdominal wall, left upper quadrant without penetration into peritoneal cavity, sequela', 662);
insert into examination_include (ex_id, pid, did, mcode, instruction, quantity) values (4, 14, 4, 4, 'Traumatic rupture of unspecified ligament of left middle finger at metacarpophalangeal and interphalangeal joint, initial encounter', 468);
insert into examination_include (ex_id, pid, did, mcode, instruction, quantity) values (5, 15, 5, 5, 'Contracture of muscle, unspecified hand', 289);
insert into examination_include (ex_id, pid, did, mcode, instruction, quantity) values (6, 16, 6, 6, 'Kitchen in nursing home as the place of occurrence of the external cause', 409);
insert into examination_include (ex_id, pid, did, mcode, instruction, quantity) values (7, 17, 7, 7, 'Pathological fracture in other disease, right shoulder, subsequent encounter for fracture with nonunion', 147);
insert into examination_include (ex_id, pid, did, mcode, instruction, quantity) values (8, 18, 8, 8, 'Toxic effect of benzene, accidental (unintentional)', 907);
insert into examination_include (ex_id, pid, did, mcode, instruction, quantity) values (9, 19, 9, 9, 'Personal history of certain other diseases', 720);
insert into examination_include (ex_id, pid, did, mcode, instruction, quantity) values (10, 20, 10, 10, 'Corrosion of unspecified degree of back of left hand', 974);

-- Treatment.
insert into treatment (tid, pid, did, description, fee, disease, discharged_date, admitted_date) values (1, 1, 1, 'Perc ins carotid stent', 5875, 'Replacement of Right Hand Tendon with Nonautologous Tissue Substitute, Percutaneous Endoscopic Approach', '2014-01-14', '2011-08-18');
insert into treatment (tid, pid, did, description, fee, disease, discharged_date, admitted_date) values (2, 2, 2, 'Pharyngeal operation NEC', 3334, 'Fusion of Right Sacroiliac Joint with Synthetic Substitute, Open Approach', '2009-09-26', '2003-02-24');
insert into treatment (tid, pid, did, description, fee, disease, discharged_date, admitted_date) values (3, 3, 3, 'Closure cholecystostomy', 6726, 'Extraction of Right Maxillary Sinus, Open Approach', '2014-10-12', '2013-05-30');
insert into treatment (tid, pid, did, description, fee, disease, discharged_date, admitted_date) values (4, 4, 4, 'Destruct mediastin les', 6878, 'Bypass Innominate Artery to Left Lower Leg Artery with Synthetic Substitute, Open Approach', '2019-05-09', '2007-08-11');
insert into treatment (tid, pid, did, description, fee, disease, discharged_date, admitted_date) values (5, 5, 5, 'Orbitotomy NEC', 9360, 'Drainage of Left Hand Vein, Open Approach, Diagnostic', '2002-09-23', '2002-08-20');
insert into treatment (tid, pid, did, description, fee, disease, discharged_date, admitted_date) values (6, 6, 6, 'Intest seg isolat NOS', 9306, 'Removal of Intermittent Pressure Device on Left Upper Arm', '2019-01-07', '2003-09-25');
insert into treatment (tid, pid, did, description, fee, disease, discharged_date, admitted_date) values (7, 7, 7, 'Auto bone mt w purging', 5602, 'Excision of Left Vitreous, Percutaneous Approach', '2020-12-12', '2014-09-04');
insert into treatment (tid, pid, did, description, fee, disease, discharged_date, admitted_date) values (8, 8, 8, 'Abltn renal les/tiss NEC', 8929, 'Supplement Sciatic Nerve with Autologous Tissue Substitute, Percutaneous Endoscopic Approach', '2012-08-21', '2002-07-29');
insert into treatment (tid, pid, did, description, fee, disease, discharged_date, admitted_date) values (9, 9, 9, 'Oth endo proc oth vessel', 6005, 'Supplement Right Brachial Artery with Synthetic Substitute, Open Approach', '2011-08-14', '2001-10-04');
insert into treatment (tid, pid, did, description, fee, disease, discharged_date, admitted_date) values (10, 10, 10, 'Part substern thyroidect', 919, 'Revision of Drainage Device in Left Finger Phalangeal Joint, Percutaneous Approach', '2004-01-23', '2003-05-26');

-- Treatment include.
insert into treatment_include (tid, pid, did, mcode, instruction, quantity) values (1, 1, 1, 1, 'Incision of external auditory canal', 759);
insert into treatment_include (tid, pid, did, mcode, instruction, quantity) values (2, 2, 2, 2, 'Radical groin dissection', 167);
insert into treatment_include (tid, pid, did, mcode, instruction, quantity) values (3, 3, 3, 3, 'Other gastroscopy', 450);
insert into treatment_include (tid, pid, did, mcode, instruction, quantity) values (4, 4, 4, 4, 'Insertion of implantable pressure sensor without lead for intracardiac or great vessel hemodynamic monitoring', 294);
insert into treatment_include (tid, pid, did, mcode, instruction, quantity) values (5, 5, 5, 5, 'Removal of foreign body from peritoneal cavity', 296);
insert into treatment_include (tid, pid, did, mcode, instruction, quantity) values (6, 6, 6, 6, 'Endoscopic removal of bronchial device(s) or substances', 685);
insert into treatment_include (tid, pid, did, mcode, instruction, quantity) values (7, 7, 7, 7, 'Other incision of anus', 132);
insert into treatment_include (tid, pid, did, mcode, instruction, quantity) values (8, 8, 8, 8, 'Anastomosis of pancreas', 342);
insert into treatment_include (tid, pid, did, mcode, instruction, quantity) values (9, 9, 9, 9, 'Other tenotomy', 53);
insert into treatment_include (tid, pid, did, mcode, instruction, quantity) values (10, 10, 10, 10, 'Removal of implanted devices from bone, femur', 508);

-- Care.
insert into care (nid, pid) values (11, 1);
insert into care (nid, pid) values (12, 2);
insert into care (nid, pid) values (13, 3);
insert into care (nid, pid) values (14, 4);
insert into care (nid, pid) values (15, 5);
insert into care (nid, pid) values (16, 6);
insert into care (nid, pid) values (17, 7);
insert into care (nid, pid) values (18, 8);
insert into care (nid, pid) values (19, 9);
insert into care (nid, pid) values (20, 10);

-- Appointment.
insert into appointment (pid, did, date) values (11, 1, '2002-08-20');
insert into appointment (pid, did, date) values (12, 2, '2002-09-23');
insert into appointment (pid, did, date) values (13, 3, '2002-07-24');
insert into appointment (pid, did, date) values (14, 4, '2002-01-27');
insert into appointment (pid, did, date) values (15, 5, '2002-04-19');

-- E phone numbers.
insert into e_phone_numbers (eid, phone_no) values (1, '652-416-7805');
insert into e_phone_numbers (eid, phone_no) values (13, '740-122-7508');
insert into e_phone_numbers (eid, phone_no) values (15, '623-417-8631');
insert into e_phone_numbers (eid, phone_no) values (20, '896-981-5598');
insert into e_phone_numbers (eid, phone_no) values (14, '230-591-7501');
insert into e_phone_numbers (eid, phone_no) values (13, '773-315-3726');
insert into e_phone_numbers (eid, phone_no) values (15, '155-275-1733');
insert into e_phone_numbers (eid, phone_no) values (11, '181-153-7755');
insert into e_phone_numbers (eid, phone_no) values (18, '197-497-9532');
insert into e_phone_numbers (eid, phone_no) values (10, '308-531-7424');
insert into e_phone_numbers (eid, phone_no) values (9, '254-846-0022');
insert into e_phone_numbers (eid, phone_no) values (1, '759-585-5721');
insert into e_phone_numbers (eid, phone_no) values (20, '135-794-9653');
insert into e_phone_numbers (eid, phone_no) values (10, '871-452-5288');
insert into e_phone_numbers (eid, phone_no) values (8, '947-839-3897');
insert into e_phone_numbers (eid, phone_no) values (14, '553-249-5111');
insert into e_phone_numbers (eid, phone_no) values (5, '142-749-4170');
insert into e_phone_numbers (eid, phone_no) values (10, '996-167-8151');
insert into e_phone_numbers (eid, phone_no) values (15, '502-155-6533');
insert into e_phone_numbers (eid, phone_no) values (15, '214-178-9643');